Timestamp,RTT (ms)
1750242650,37.433
1750242651,67.15
1750242655,22.429
1750242657,15.053
1750242658,27.614
1750242659,15.482
1750242660,17.037
1750242662,19.954
1750242663,16.446
1750242664,28.229
1750242665,48.167
1750242666,23.156
1750242667,14.641
1750242668,17.275
1750242669,31.318
1750242670,16.436
1750242671,17.274
1750242672,17.344
1750242673,20.429
1750242674,14.377
1750242675,17.93
1750242676,17.043
1750242678,74.215
1750242680,29.155
1750242684,15.325
1750242686,41.983
1750242687,51.364
1750242688,19.422
1750242689,15.582
1750242691,21.073
1750242692,16.776
1750242693,16.409
1750242697,14.684
1750242701,19.48
1750242703,20.692
1750242707,15.635
1750242711,15.174
1750242712,17.262
1750242716,63.848
1750242719,125.586
1750242722,15.807
1750242724,26.707
1750242725,26.996
1750242727,60
1750242728,69.396
1750242729,18.561
1750242732,15.144
1750242733,17.833
1750242740,69.523
1750242748,15.246
1750242758,18.934
1750242769,15.834
1750242772,75.777
1750242775,15.289
1750242778,19.335
1750242779,15.691
1750242780,15.913
1750242782,67.553
1750242783,57.364
1750242784,64.526
1750242786,51.498
1750242788,14.717
1750242791,16.019
1750242798,17.196
1750242800,17.031
1750242809,27.3
1750242810,76.662
1750242811,84.973
1750242812,55.401
1750242813,38.918
1750242814,30.222
1750242815,55.166
1750242816,15.002
1750242819,60.221
1750242820,60.987
1750242821,60.135
1750242822,20.151
1750242831,27.637
1750242833,29.602
1750242836,31.195
1750242839,23.009
1750242840,17.481
1750242841,20.79
1750242842,41.636
1750242843,47.395
1750242844,53.049
1750242845,26.272
1750242846,26.201
1750242847,46.376
1750242848,20.138
1750242849,17.951
1750242850,21.087
1750242851,39.293
1750242852,19.692
1750242853,33.048
1750242854,23.312
1750242856,58.108
1750242857,109.761
1750242858,61.092
1750242859,37.665
1750242860,20.608
1750242861,18.305
1750242862,38.822
1750242863,15.746
1750242864,46.836
1750242865,16.84
1750242866,52.632
1750242867,16.751
1750242868,24.764
1750242869,16.061
1750242870,47.057
1750242871,16.946
1750242872,20.453
1750242873,17.081
1750242874,47.899
1750242875,15.519
1750242876,25.871
1750242877,28.063
1750242878,21.378
1750242879,23.296
1750242880,37.509
1750242881,17.192
1750242882,29.461
1750242883,41.071
1750242884,29.881
1750242885,76.518
1750242886,57.009
1750242887,29.669
1750242888,17.788
1750242889,47.205
1750242890,22.71
1750242891,68.705
1750242892,46.302
1750242895,67.97
1750242898,26.284
1750242899,23.113
1750242906,26.791
1750242909,38.968
1750242910,55.048
1750242911,44.502
1750242913,17.191
1750242915,47.776
1750242917,16.591
1750242919,43.317
1750242923,17.79
1750242924,16.672
1750242925,72.216
1750242927,15.65
1750242930,21.224
1750242931,17.616
1750242933,85.103
1750242935,20.991
1750242936,29.717
1750242938,20.278
1750242939,20.957
1750242941,23.142
1750242945,15.209
1750242950,15.91
1750242952,25.089
1750242955,24.823
1750242962,15.573
1750242967,23.223
1750242975,33.084
1750242984,18.42
1750242985,36.784
1750242988,19.675
1750242991,60
1750242993,25.105
1750242994,16.844
1750242995,16.136
1750242997,23.079
1750242998,45.573
1750243000,26.264
1750243001,21.639
1750243002,51.217
1750243003,21.502
1750243004,62.506
1750243005,23.327
1750243007,24.213
1750243008,15.962
1750243009,17.726
1750243010,16.453
1750243011,33.803
1750243012,18.283
1750243013,18.732
1750243014,22.256
1750243015,18.163
1750243016,26.831
1750243017,17.105
1750243018,39.923
1750243019,27.195
1750243020,31.142
1750243021,192.242
1750243025,27.839
1750243028,15.204
1750243034,40.92
1750243036,37.46
1750243039,32.253
1750243041,43.894
1750243046,30.646
1750243048,16.103
1750243052,22.629
1750243055,23.922
1750243059,74.054
1750243060,43.806
1750243063,25.085
1750243068,16.661
1750243069,20.772
1750243070,26.797
1750243071,47.875
1750243072,43.045
1750243073,31.724
1750243074,15.928
1750243076,17.869
1750243077,17.602
1750243078,35.513
1750243080,26.794
1750243081,16.564
1750243082,24.237
1750243083,34.601
1750243085,23.114
1750243086,18.131
1750243088,21.489
1750243090,21.553
1750243091,19.382
1750243092,37.307
1750243096,17.073
1750243098,19.423
1750243099,35.63
1750243100,28.706
1750243101,21.664
1750243102,15.473
1750243103,16.866
1750243104,27.569
1750243105,16.74
1750243106,23.779
1750243107,21.468
1750243108,17.293
1750243109,31.506
1750243110,32.283
1750243111,36.567
1750243112,23.417
1750243113,15.534
1750243114,18.746
1750243115,33.76
1750243116,21.679
1750243117,40.891
1750243118,25.046
1750243119,32.532
1750243120,20.679
1750243121,17.135
1750243122,19.019
1750243123,50.166
1750243124,15.208
1750243125,20.786
1750243126,37.3
1750243127,22.295
1750243128,19.681
1750243129,40.352
1750243130,23.447
1750243131,24.357
1750243132,16.903
1750243133,19.842
1750243134,22.185
1750243135,32.723
1750243136,27.129
1750243137,19.718
1750243138,40.596
1750243139,28.705
1750243140,21.25
1750243141,54.431
1750243143,37.26
1750243144,25.593
1750243145,27.897
1750243147,16.392
1750243148,29.348
1750243149,25.079
1750243150,22.722
1750243151,18.45
1750243153,18.481
1750243155,18.73
1750243156,22.919
1750243157,32.597
1750243158,17.011
1750243161,22.482
1750243162,39.313
1750243163,16.582
1750243165,32.042
1750243167,15.157
1750243170,26.497
1750243171,16.831
1750243172,27.235
1750243174,18.58
1750243175,21.396
1750243176,31.152
1750243177,23.51
1750243178,15.655
1750243179,21.215
1750243181,17.142
1750243182,55.699
1750243183,41.509
1750243184,17.166
1750243185,20.187
1750243186,16.469
1750243187,17.007
1750243188,14.378
1750243190,23.201
1750243191,15.009
1750243192,42.252
1750243194,105.921
1750243195,22.212
1750243196,44.037
1750243197,25.674
1750243198,47.188
1750243200,60
1750243203,37.815
1750243207,38.865
1750243209,39.883
1750243210,30.638
1750243211,57.626
1750243214,39.993
1750243215,25.721
1750243218,18.403
1750243219,22.413
1750243221,15.773
1750243222,44.409
1750243224,23.878
1750243225,26.547
1750243228,58.467
1750243229,34.239
1750243230,21.51
1750243232,17.512
1750243234,17.119
1750243235,50.399
1750243237,30.645
1750243239,32.583
1750243240,15.65
1750243241,24.558
1750243242,20.035
1750243243,17.489
1750243245,60
1750243246,18.859
1750243248,15.59
1750243250,16.858
1750243251,16.477
1750243252,41.937
1750243254,16.961
1750243256,26.209
1750243261,18.19
1750243262,60
1750243265,14.45
1750243266,18.955
1750243267,15.921
1750243269,17.837
1750243274,16.02
1750243276,72.949
1750243277,22.005
1750243280,32.627
1750243281,25.433
1750243283,17.785
1750243284,19.081
1750243285,18.067
1750243286,23.322
1750243287,34.847
1750243288,38.448
1750243289,25.026
1750243290,47.493
1750243291,34.736
1750243292,32.279
1750243293,15.403
1750243294,18.197
1750243295,27.43
1750243296,32.178
1750243297,15.494
1750243298,45.772
1750243299,20.97
1750243300,20.09
1750243301,15.894
1750243302,17.725
1750243303,28.075
1750243304,18.852
1750243305,40.495
1750243306,15.625
1750243307,22.678
1750243308,14.303
1750243309,16.189
1750243310,26.093
1750243311,26.478
1750243312,34.65
1750243313,16.962
1750243314,34.514
1750243315,41.737
1750243317,20.627
1750243318,18.921
1750243319,31.509
1750243320,20.36
1750243321,33.305
1750243322,16.26
1750243323,36.946
1750243327,18.995
1750243328,20.138
1750243329,17.98
1750243331,15.483
1750243332,20.608
1750243336,15.243
1750243341,16.162
1750243347,42.882
1750243351,28.278
1750243356,21.96
1750243363,47.346
1750243368,24.942
1750243373,29.471
1750243377,17.72
1750243378,27.328
1750243379,28.98
1750243380,18.627
1750243381,18.295
1750243384,60
1750243385,19.948
1750243386,19.593
1750243388,18.426
1750243390,26.88
1750243393,32.106
1750243395,23.489
1750243396,17.066
1750243398,23.684
1750243399,15.803
1750243401,23.149
1750243404,34.321
1750243408,20.004
1750243412,20.806
1750243414,28.206
1750243416,21.234
1750243418,17.036
1750243420,19.27
1750243423,34.48
1750243427,22.965
1750243432,23.778
1750243433,20.162
1750243435,16.875
1750243440,41.581
1750243445,43.605
1750243448,19.586
1750243449,68.182
1750243450,28.304
1750243451,44.769
1750243453,60
1750243455,22.135
1750243458,26.448
1750243462,22.012
1750243463,32.085
1750243464,17.417
1750243465,19.37
1750243467,35.36
1750243469,18.827
1750243470,29.035
1750243471,19.469
1750243472,15.493
1750243473,47.086
1750243474,25.566
1750243477,40.747
1750243479,17.979
1750243481,31.571
1750243482,15.828
1750243483,15.41
1750243485,14.679
1750243487,18.735
1750243488,35.04
1750243489,30.904
1750243490,14.971
1750243492,21.905
1750243493,26.101
1750243495,22.907
1750243496,14.805
1750243499,68.628
1750243500,50.153
1750243501,41.742
1750243502,15.675
1750243504,26.614
1750243505,53.941
1750243507,43.098
1750243508,130.249
1750243509,114.296
1750243510,96.921
1750243511,59.547
1750243512,16.844
1750243513,59.629
1750243514,39.275
1750243515,25.333
1750243516,18.175
1750243517,109.336
1750243519,30.754
1750243520,20.549
1750243521,53.938
1750243522,31.647
1750243524,29.543
1750243525,19.12
1750243527,30.678
1750243528,30.514
1750243529,31.248
1750243532,17.936
1750243535,16.203
1750243538,16.018
1750243539,26.182
1750243540,15.905
1750243541,16.828
1750243542,25.674
1750243543,38.658
1750243544,21.434
1750243545,15.05
1750243546,25.336
1750243547,18.775
1750243548,22.787
1750243549,33.041
1750243550,14.872
1750243551,21.658
1750243552,32.505
1750243553,39.045
1750243554,18.76
1750243555,28.834
1750243556,30.173
1750243557,20.834
1750243558,25.238
1750243559,18.433
1750243560,22.979
1750243561,37.882
1750243562,26.804
1750243563,24.32
1750243564,24.4
1750243565,26.311
1750243566,17.15
1750243567,19.224
1750243568,18.456
1750243569,15.194
1750243570,24.403
1750243571,20.606
1750243572,62.713
1750243573,57.782
1750243574,22.627
1750243575,35.613
1750243576,19.984
1750243577,21.738
1750243578,29.702
1750243579,22.627
1750243580,34.155
1750243581,50.583
1750243582,28.437
1750243583,16.188
1750243584,19.52
1750243585,50.585
1750243586,26.521
1750243587,24.675
1750243588,46.987
1750243589,23.122
1750243590,37.047
1750243591,32.265
1750243592,28.515
1750243593,20.635
1750243594,22.016
1750243595,31.827
1750243596,17.757
1750243597,20.754
1750243598,23.486
1750243599,16.036
1750243600,40.024
1750243601,23.128
1750243602,17.433
1750243603,29.208
1750243604,20.658
1750243605,40.782
1750243606,30.048
1750243607,23.663
1750243608,41.071
1750243609,15.416
1750243610,15.36
1750243611,19.355
1750243612,23.214
1750243613,16.874
1750243614,18.688
1750243615,16.735
1750243616,30.548
1750243617,17.597
1750243618,34.668
1750243619,31.629
1750243620,27.565
1750243621,80.19
1750243622,35.465
1750243623,24.052
1750243624,32.619
1750243625,18.321
1750243626,51.383
1750243627,24.218
1750243629,20.138
1750243630,39.689
1750243631,41.819
1750243632,20.891
1750243633,25.794
1750243634,39.75
1750243635,23.108
1750243636,25.671
1750243637,18.516
1750243638,27.738
1750243639,17.754
1750243640,33.952
1750243641,27.446
1750243642,31.757
1750243643,24.768
1750243644,19.938
1750243645,16.743
1750243646,15.872
1750243647,19.737
1750243648,17.767
1750243649,15.946
1750243650,19.945
1750243651,16.888
1750243652,54.273
1750243655,27.251
1750243657,40.855
1750243659,37.73
1750243661,24.336
1750243663,20.209
1750243666,19.852
1750243668,17.441
1750243670,39.792
1750243671,30.343
1750243673,17.533
1750243674,51.393
1750243676,35.946
1750243678,20.529
1750243679,18.547
1750243681,60
1750243682,60
1750243683,60
1750243687,35.072
1750243688,19.701
1750243689,47.343
1750243690,23.011
1750243692,15.45
1750243693,16.002
1750243694,22.281
1750243695,16.607
1750243696,26.392
1750243698,31.154
1750243700,20.954
1750243702,33.814
1750243704,25.543
1750243706,15.308
1750243707,60
1750243708,60
1750243709,22.966
1750243712,39.748
1750243715,18.249
1750243717,17.675
1750243720,32.911
1750243724,16.912
1750243726,16.029
1750243731,27.911
1750243733,46.274
1750243736,60.584
1750243739,35.644
1750243742,70.517
1750243744,16.973
1750243748,24.301
1750243751,17.043
1750243753,20.883
1750243756,30.031
1750243759,30.589
1750243761,16.603
1750243763,16.684
1750243766,14.432
1750243767,18.48
1750243769,24.096
1750243771,27.65
1750243773,42.403
1750243775,17.678
1750243777,28.518
1750243779,14.416
1750243782,18.495
1750243785,25.101
1750243786,15.019
1750243788,32.027
1750243789,14.515
1750243791,22.389
1750243794,15.466
1750243795,16.721
1750243797,60
1750243798,91.529
1750243799,17.33
1750243800,25.632
1750243802,17.521
1750243803,31.846
1750243804,19.171
1750243805,23.712
1750243806,25.044
1750243807,60
1750243810,20.43
1750243811,32.657
1750243812,27.417
1750243813,27.65
1750243814,15.527
1750243815,30.263
1750243816,29.175
1750243817,25.361
1750243818,25.864
1750243819,20.737
1750243820,25.319
1750243821,18.603
1750243822,41.959
1750243823,22.132
1750243824,28.336
1750243825,45.582
1750243826,25.015
1750243827,31.541
1750243828,26.851
1750243829,17.129
1750243830,41.07
1750243831,48.563
1750243832,49.89
1750243833,21.887
1750243834,25.226
1750243835,26.931
1750243836,24.193
1750243837,21.135
1750243838,18.112
1750243839,17.146
1750243840,28.009
1750243841,18.75
1750243842,29.272
1750243843,30.51
1750243844,23.081
1750243845,30.477
1750243846,25.77
1750243847,21.996
1750243848,19.577
1750243849,29.035
1750243850,20.528
1750243851,35.719
1750243852,20.045
1750243853,29.552
1750243854,20.987
1750243855,19.512
1750243856,25.318
1750243857,32.913
1750243858,15.184
1750243859,37.574
1750243860,14.738
1750243861,93.505
1750243862,38.323
1750243863,36.954
1750243864,15.987
1750243865,50.207
1750243866,18.929
1750243867,17.78
1750243868,31.616
1750243869,23.72
1750243870,19.844
1750243871,30.193
1750243872,24.705
1750243873,27.158
1750243874,22.396
1750243875,32.566
1750243876,14.609
1750243877,22.386
1750243878,27.43
1750243879,19.929
1750243880,29.995
1750243881,19.215
1750243882,63.243
1750243883,32.738
1750243884,24.187
1750243885,16.85
1750243886,16.797
1750243887,54.97
1750243888,17.966
1750243893,132.527
1750243895,20.823
1750243898,20.047
1750243899,24.655
1750243901,17.473
1750243903,17.727
1750243905,15.129
1750243908,15.321
1750243912,21.896
1750243917,18.674
1750243921,14.749
1750243924,14.484
1750243928,19.037
1750243933,16.335
1750243937,18.749
1750243941,31.335
1750243944,20.557
1750243945,14.596
1750243947,19.078
1750243950,35.205
1750243951,21.676
1750243952,19.303
1750243954,28.743
1750243955,28.223
1750243956,19.45
1750243957,18.737
1750243958,87.107
1750243961,50.484
1750243962,46.156
1750243963,24.87
1750243964,50.732
1750243965,23.753
1750243966,22.022
1750243967,44.585
1750243968,32.24
1750243969,51.062
1750243970,28.194
1750243971,14.872
1750243972,19.319
1750243973,47.211
1750243974,49.285
1750243975,24.541
1750243976,46.749
1750243977,42.686
1750243978,18.823
1750243979,15.686
1750243980,29.637
1750243981,52.511
1750243982,39.981
1750243983,16.182
1750243984,32.668
1750243985,15.274
1750243986,27.5
1750243987,16
1750243988,25.109
1750243989,33.903
1750243990,23.158
1750243991,19.904
1750243992,28.423
1750243993,47.7
1750243994,14.663
1750243995,17.843
1750243996,19.545
1750243997,16.4
1750243998,19
1750243999,17.994
1750244000,19.773
1750244001,23.242
1750244002,16.512
1750244003,20.341
1750244004,24.867
1750244005,21.437
1750244006,17.898
1750244007,21.06
1750244008,19.004
1750244009,35.909
1750244010,25.788
1750244011,19.244
1750244012,18.275
1750244013,17.735
1750244014,41.421
1750244015,18.728
1750244016,31.995
1750244017,29.449
1750244018,21.595
1750244019,16.934
1750244020,18.225
1750244021,39.742
1750244022,19.79
1750244023,15.025
1750244024,18.377
1750244025,23.242
1750244027,31.052
1750244028,15.629
1750244029,18.185
1750244030,17.445
1750244031,19.675
1750244032,14.593
1750244033,15.581
1750244034,23.379
1750244035,24.432
1750244036,43.7
1750244037,164.654
1750244038,28
1750244040,40.043
1750244042,60
1750244043,60
1750244044,60
1750244045,60
1750244050,19.706
1750244051,22.857
1750244055,19.859
1750244060,17.706
1750244061,37.23
1750244062,33.285
1750244063,40.448
1750244064,16.286
1750244066,20.993
1750244067,29.454
1750244068,21.816
1750244069,19.697
1750244070,18.747
1750244072,22.082
1750244080,16.427
1750244088,45.81
1750244089,40.56
1750244090,17.873
1750244092,19.874
1750244094,21.548
1750244096,32.307
1750244098,21.655
1750244102,15.172
1750244104,25.06
1750244105,28.925
1750244106,16.643
1750244108,21.004
1750244111,25.739
1750244113,59.698
1750244116,23.442
1750244118,20.311
1750244120,29.199
1750244122,22.3
1750244123,16.003
1750244124,62.12
1750244134,65.033
1750244135,18.124
1750244136,46.672
1750244138,39.967
1750244139,35.422
1750244140,54.901
1750244142,17.874
1750244143,23.65
1750244145,88.164
1750244146,79.45
1750244147,24.391
1750244148,17.696
1750244149,31.023
1750244150,41.261
1750244151,94.392
1750244152,26.068
1750244153,137.543
1750244154,16.762
1750244155,30.361
1750244156,22.394
1750244157,23.87
1750244158,27.367
1750244159,26.544
1750244160,22.897
1750244161,23.234
1750244162,26.401
1750244163,32.278
1750244164,16.05
1750244165,27.554
1750244166,22.521
1750244167,33.323
1750244168,16.754
1750244169,14.837
1750244170,23.668
1750244171,26.33
1750244173,25.073
1750244175,15.23
1750244176,18.834
1750244177,16.122
1750244178,18.981
1750244180,35.62
1750244181,17.003
1750244182,58.816
1750244183,27.521
1750244190,20.201
1750244191,16.951
1750244196,15.182
1750244202,32.442
1750244204,50.825
1750244208,103.41
1750244218,31.614
1750244219,23.826
1750244220,26.318
1750244221,20.086
1750244222,32.33
1750244223,23.246
1750244224,22.002
1750244225,28.251
1750244226,22.2
1750244227,18.165
1750244228,24.572
1750244229,25.879
1750244230,17.957
1750244231,16.684
1750244232,18.692
1750244233,19.674
1750244234,26.75
1750244235,18.222
1750244236,29.878
1750244237,24.197
1750244238,16.006
1750244239,16.813
1750244240,24.506
1750244241,24.668
1750244242,21.756
1750244243,37.908
1750244244,39.018
1750244245,15.803
1750244246,21.873
1750244247,34.697
1750244248,39.831
1750244249,23.047
1750244250,20.018
1750244251,16.484
1750244252,42.158
1750244253,26.657
1750244254,22.793
1750244255,28.707
1750244256,27.012
1750244257,17.32
1750244258,28.185
1750244259,67.665
1750244260,19.015
1750244261,23.308
1750244262,63.499
1750244263,20.041
1750244264,40.62
1750244265,39.773
1750244266,48.2
1750244267,18.326
1750244268,43.765
1750244269,71.015
1750244270,29.998
1750244271,66.673
1750244272,14.899
1750244273,22.92
1750244274,26.88
1750244275,34.559
1750244276,24.24
1750244277,18.156
1750244278,17.216
1750244279,20.891
1750244281,49.819
1750244282,26.373
1750244283,29.391
1750244284,24.08
1750244285,20.813
1750244286,18.269
1750244287,32.138
1750244288,16.031
1750244289,43.163
1750244290,43.886
1750244291,30.7
1750244292,16.009
1750244293,14.919
1750244294,17.031
1750244295,15.521
1750244296,30.478
1750244297,32.811
1750244298,17.65
1750244299,26.839
1750244300,39.646
1750244301,25.01
1750244302,26.681
1750244303,16.731
1750244304,39.715
1750244305,39.884
1750244306,42.034
1750244307,48.708
1750244308,21.634
1750244309,21.771
1750244310,19.15
1750244311,18.923
1750244312,18.431
1750244313,16.254
1750244314,18.68
1750244315,16.942
1750244316,30.341
1750244317,18.238
1750244318,32.479
1750244319,20.933
1750244320,41.325
1750244321,30.409
1750244322,24.006
1750244324,29.163
1750244326,60
1750244327,60
1750244328,60
1750244329,60
1750244331,60
1750244332,60
1750244333,32.517
1750244334,59.058
1750244340,30.376
1750244345,25.597
1750244350,26.64
1750244356,39.341
1750244362,17.137
1750244369,35.847
1750244373,27.882
1750244375,41.784
1750244379,26.901
1750244384,30.618
1750244385,24.007
1750244388,16.088
1750244392,39.172
1750244397,18.104
1750244401,15.02
1750244406,22.527
1750244408,17.528
1750244411,14.581
1750244413,15.281
1750244419,21.378
1750244420,17.985
1750244421,23.872
1750244422,16.994
1750244423,20.167
1750244424,25.935
1750244425,20.913
1750244426,30.363
1750244427,45.771
1750244428,15.597
1750244429,41.352
1750244430,23.811
1750244431,20.017
1750244432,15.953
1750244433,28.198
1750244434,17.963
1750244435,38.566
1750244436,33.69
1750244437,53.892
1750244438,20.674
1750244439,17.336
1750244440,29.933
1750244441,19.379
1750244442,15.295
1750244443,28.8
1750244444,31.772
1750244445,30.764
1750244446,16.182
1750244447,18.618
1750244448,19.872
1750244449,17.406
1750244450,17.895
1750244451,21.887
1750244452,35.597
1750244453,17.383
1750244454,17.415
1750244455,20.56
1750244456,23.491
1750244457,19.067
1750244458,15.217
1750244459,19.421
1750244460,20.328
1750244461,30.009
1750244462,20.881
1750244463,44.948
1750244464,24.621
1750244465,22.683
1750244466,19.04
1750244467,20.634
1750244468,18.719
1750244469,16.086
1750244470,23.759
1750244471,22.486
1750244472,15.976
1750244473,27.235
1750244474,22.101
1750244475,20.821
1750244476,32.884
1750244477,28.006
1750244478,32.422
1750244479,15.178
1750244480,40.1
1750244481,36.756
1750244482,16.589
1750244483,26.346
1750244484,16.111
1750244485,25.258
1750244486,19.29
1750244487,29.719
1750244488,19.626
1750244489,35.576
1750244490,38.296
1750244491,41.728
1750244492,26.538
1750244493,14.81
1750244494,45.761
1750244495,22.908
1750244496,48.173
1750244497,37.446
1750244498,19.331
1750244499,30.845
1750244500,21.572
1750244501,39.225
1750244502,27.048
1750244503,23.006
1750244504,19.293
1750244505,31.173
1750244506,32.796
1750244507,17.556
1750244509,34.578
1750244510,20.47
1750244511,16.104
1750244512,15.788
1750244513,29.119
1750244514,24.712
1750244515,26.529
1750244516,17.281
1750244517,42.141
1750244518,36.336
1750244519,26.842
1750244520,37.804
1750244521,62.936
1750244522,43.952
1750244523,36.691
1750244524,39.873
1750244525,20.648
1750244526,40.452
1750244527,16.849
1750244528,18.515
1750244529,21.65
1750244530,27.287
1750244531,15.796
1750244532,26.822
1750244533,28.101
1750244534,39.718
1750244535,33.253
1750244536,30.379
1750244537,17.12
1750244538,34.82
1750244539,29.5
1750244540,15.907
1750244541,27.343
1750244542,38.934
1750244543,17.104
1750244544,22.329
1750244545,32.115
1750244546,21.068
1750244547,31.776
1750244548,16.051
1750244549,31.473
1750244550,21.211
1750244551,29.699
1750244552,15.235
1750244553,16.75
1750244554,25.04
1750244555,21.442
1750244556,19.541
1750244557,36.457
1750244558,27.139
1750244559,40.254
1750244560,41.011
1750244561,36.231
1750244562,26.777
1750244563,18.678
1750244564,36.117
1750244565,69.945
1750244566,27.835
1750244568,60
1750244569,60
1750244570,60
1750244571,60
1750244572,60
1750244573,60
1750244576,15.202
1750244580,21.434
1750244583,18.097
1750244590,18.419
1750244593,35.732
1750244594,39.974
1750244595,33.298
1750244596,127.099
1750244597,67.679
1750244599,43.477
1750244605,50.617
1750244606,24.931
1750244608,17.221
1750244609,21.281
1750244610,40.76
1750244612,54.555
1750244613,18.068
1750244614,47.248
1750244615,42.281
1750244616,23.69
1750244617,21.805
1750244618,17.646
1750244619,21.646
1750244620,17.619
1750244621,19.949
1750244622,23.209
1750244623,15.845
1750244624,16.948
1750244625,23.536
1750244626,20.658
1750244627,17.312
1750244628,34.42
1750244629,23.481
1750244630,17.117
1750244631,30.971
1750244632,34.002
1750244633,14.555
1750244634,16.007
1750244635,20.732
1750244636,36.009
1750244637,23.245
1750244638,14.377
1750244639,27.652
1750244641,21.001
1750244642,25.809
1750244643,16.102
1750244644,16.958
1750244645,22.646
1750244646,61.785
1750244647,16.559
1750244648,27.533
1750244649,50.933
1750244650,25.25
1750244651,23.231
1750244652,24.684
1750244653,30.48
1750244654,14.817
1750244655,16.083
1750244656,24.778
1750244657,42.613
1750244658,32.752
1750244659,37.496
1750244660,18.252
1750244661,14.866
1750244662,22.097
1750244663,26.676
1750244664,41.293
1750244665,19.665
1750244666,26.061
1750244667,14.471
1750244668,18.481
1750244669,36.704
1750244670,48.17
1750244671,47.795
1750244677,37.02
1750244685,19.024
1750244686,26.56
1750244690,20.072
1750244691,18.585
1750244692,34.643
1750244694,38.405
1750244695,27.69
1750244697,16.654
1750244698,19.28
1750244701,25.814
1750244703,31.462
1750244705,17.736
1750244706,35.795
1750244707,44.205
1750244708,46.974
1750244710,16.318
1750244712,15.648
1750244713,28.061
1750244714,16.749
1750244715,21
1750244716,38.977
1750244718,18.554
1750244719,24.963
1750244720,15.572
1750244721,19.161
1750244726,20.745
1750244729,28.4
1750244731,16.945
1750244733,19.826
1750244735,48.111
1750244738,18.91
1750244740,18.056
1750244741,20.605
1750244742,24.296
1750244743,45.76
1750244745,37.278
1750244746,27.442
1750244747,39.563
1750244748,35.113
1750244750,18.933
1750244751,23.98
1750244752,25.898
1750244753,35.755
1750244755,24.495
1750244756,58.262
1750244757,25.743
1750244758,19.818
1750244759,37.669
1750244760,24.011
1750244761,46.346
1750244763,44.998
1750244764,19.788
1750244766,32.713
1750244771,70.287
1750244772,17.714
1750244773,48.499
1750244774,23.304
1750244775,36.479
1750244777,20.084
1750244778,31.448
1750244779,16.325
1750244780,25.885
1750244781,21.48
1750244782,21.319
1750244783,60
1750244785,19.424
1750244786,20.097
1750244789,22.251
1750244791,14.848
1750244792,24.823
1750244794,29.642
1750244796,25.183
1750244797,15.411
1750244799,25.65
1750244800,29.312
1750244803,17.89
1750244805,19.769
1750244808,60
1750244809,67.046
1750244811,21.528
1750244813,60
1750244815,16.87
1750244817,41.411
1750244819,25.936
1750244820,18.468
1750244822,18.293
1750244823,42.867
1750244824,20.282
1750244825,19.72
1750244826,35.485
1750244827,25.259
1750244829,27.015
1750244830,29.651
1750244831,26.748
1750244832,35.717
1750244833,25.367
1750244834,18.614
1750244835,19.695
1750244836,24.55
1750244837,15.679
1750244838,18.156
1750244840,28.535
1750244841,27.852
1750244842,24.848
1750244843,17.395
1750244844,41.243
1750244845,24.453
1750244846,15.815
1750244847,47.807
1750244848,22.619
1750244849,32.798
1750244850,32.82
1750244851,16.301
1750244852,21.216
1750244853,16.916
1750244854,15.011
1750244855,23.999
1750244856,29.104
1750244857,37.746
1750244858,37.879
1750244859,17.415
1750244860,28.68
1750244861,16.824
1750244862,15.746
1750244863,15.713
1750244864,15.785
1750244865,20.565
1750244866,18.879
1750244867,22.147
1750244868,21.442
1750244869,32.927
1750244870,18.829
1750244871,18.615
1750244872,14.653
1750244873,20.573
1750244874,23.549
1750244875,60
1750244876,40.016
1750244878,34.616
1750244879,20.913
1750244881,65.119
1750244882,23.787
1750244885,22.351
1750244886,21.41
1750244888,21.205
1750244889,27.198
1750244890,31.654
1750244892,20.343
1750244893,69.828
1750244894,63.742
1750244895,69.194
1750244896,24.945
1750244898,108.427
1750244899,25.795
1750244901,23.235
1750244906,15.361
1750244908,23.141
1750244912,15.853
1750244919,15.066
1750244920,40.282
1750244924,18.983
1750244926,28.614
1750244929,27.557
1750244931,35.763
1750244933,20.489
1750244935,19.604
1750244939,28.198
1750244940,16.551
1750244941,20.27
1750244943,16.037
1750244945,19.989
1750244948,25.674
1750244951,46.449
1750244952,36.058
1750244954,17.742
1750244955,16.25
1750244956,16.023
1750244957,26.624
1750244958,28.39
1750244959,34.066
1750244960,39.677
1750244961,20.961
1750244962,16.171
1750244963,22.701
1750244964,20.387
1750244965,19.66
1750244966,18.854
1750244967,19.844
1750244968,24.684
1750244969,22.641
1750244970,16.914
1750244971,32.687
1750244972,23.389
1750244973,20.992
1750244974,33.372
1750244975,21.887
1750244976,41.814
1750244977,27.297
1750244978,23.305
1750244979,49.547
1750244980,45.611
1750244981,48.361
1750244982,25.253
1750244983,15.898
1750244984,39.638
1750244985,41.481
1750244986,23.491
1750244987,86.84
1750244988,60.496
1750244992,20.716
1750244993,33.49
1750244995,37.491
1750244997,65.455
1750245001,82.304
1750245002,51.644
1750245003,43.426
1750245006,16.544
1750245008,26.758
1750245011,20.957
1750245014,19.493
1750245015,18.435
1750245018,19.723
1750245019,16.887
1750245021,25.949
1750245023,36.685
1750245026,20.847
1750245028,15.959
1750245030,37.842
1750245031,42.43
1750245036,16.698
1750245042,19.943
1750245047,34.134
1750245054,118.274
1750245056,26.341
1750245060,60
1750245064,60
1750245069,25.599
1750245074,18.54
1750245075,17.304
1750245076,35.902
1750245077,20.663
1750245078,22.364
1750245079,23.653
1750245080,26.007
1750245081,37.707
1750245082,24.141
1750245083,40.158
1750245084,20.833
1750245085,17.185
1750245086,17.495
1750245087,38.541
1750245088,20.601
1750245089,26.386
1750245090,25.93
1750245092,19.192
1750245093,15.911
1750245094,15.435
1750245095,32.039
1750245096,18.776
1750245097,22.433
1750245098,15.428
1750245099,29.6
1750245100,16.554
1750245101,30.872
1750245102,23.698
1750245103,15.84
1750245104,23.297
1750245105,16.005
1750245106,18.584
1750245107,22.944
1750245108,14.696
1750245109,17.668
1750245110,20.707
1750245111,21.748
1750245112,44.985
1750245113,23.651
1750245114,29.362
1750245115,19.2
1750245116,42.582
1750245117,17.216
1750245118,15.389
1750245119,17.336
1750245120,76.976
1750245121,17.613
1750245122,32.615
1750245125,193.233
1750245130,34.756
1750245131,31.164
1750245133,194.813
1750245134,45.661
1750245136,15.201
1750245137,80.898
1750245138,23.306
1750245139,17.305
1750245142,26.321
1750245144,27.508
1750245145,22.725
1750245146,31.852
1750245147,68.827
1750245149,16.294
1750245150,19.91
1750245151,31.325
1750245152,73.952
1750245153,20.593
1750245154,31.726
1750245155,130.098
1750245156,34.49
1750245158,23.921
1750245161,20.124
1750245163,20.669
1750245165,24.665
1750245168,19.269
1750245175,18.354
1750245178,63.64
1750245182,17.811
1750245186,25.129
1750245188,21.884
1750245195,98.813
1750245198,21.413
1750245202,24.342
1750245203,33.92
1750245206,22.789
1750245208,22.26
1750245211,20.502
1750245214,23.345
1750245218,17.075
1750245219,25.758
1750245220,17.419
1750245221,17.247
1750245222,17.291
1750245223,21.922
1750245224,39.448
1750245225,18.907
1750245226,24.172
1750245227,41.177
1750245228,17.056
1750245229,24.132
1750245230,23.692
1750245231,28.908
1750245232,16.147
1750245233,22.259
1750245234,19.625
1750245235,35.84
1750245236,39.467
1750245237,86.702
1750245238,63.527
1750245239,32.965
1750245240,47.284
1750245241,187.505
1750245242,24.561
1750245243,25.026
1750245244,18.816
1750245245,17.623
1750245246,18.48
1750245247,20.43
1750245248,19.656
1750245249,32.028
1750245250,16.008
1750245251,16.755
1750245252,19.689
1750245253,16.198
1750245254,25.897
1750245255,19.971
1750245256,17.234
1750245257,36.912
1750245258,30.266
1750245259,147.564
1750245264,25.337
1750245265,14.967
1750245268,51.304
1750245269,19.772
1750245271,20.77
1750245276,43.456
1750245279,16.928
1750245281,30.348
1750245282,38.876
1750245286,18.569
1750245291,33.325
1750245293,23.3
1750245297,26.053
1750245301,71.799
1750245302,55.423
1750245303,20.963
1750245304,31.377
1750245305,30.79
1750245306,25.895
1750245307,19.786
1750245308,31.139
1750245309,19.287
1750245310,20.734
1750245311,14.955
1750245312,20.814
1750245313,35.82
1750245314,23.97
1750245315,15.528
1750245316,74.068
1750245317,14.628
1750245318,25.456
1750245319,19.56
1750245320,30.982
1750245321,20.841
1750245322,18.634
1750245323,15.085
1750245324,55.664
1750245325,30.233
1750245326,21.069
1750245327,25.09
1750245328,25.529
1750245329,25.362
1750245330,24.684
1750245331,20.257
1750245332,18.647
1750245333,22.996
1750245334,23.798
1750245335,19.187
1750245336,20.481
1750245337,69.675
1750245338,58.183
1750245339,22.41
1750245340,20.201
1750245341,36.367
1750245342,19.194
1750245343,18.197
1750245344,18.349
1750245345,40.29
1750245346,20.21
1750245347,30.177
1750245348,36.853
1750245349,16.256
1750245350,28.392
1750245351,31.236
1750245352,32.453
1750245353,18.711
1750245354,26.661
1750245355,15.495
1750245356,24.571
1750245357,28.659
1750245358,25.254
1750245359,32.522
1750245360,21.795
1750245361,39.871
1750245362,24.518
1750245363,85.989
1750245364,28.47
1750245365,62.954
1750245366,21.961
1750245367,30.247
1750245368,57.043
1750245369,16.392
1750245370,35.141
1750245371,18.604
1750245372,38.658
1750245373,14.852
1750245374,45.23
1750245375,20.961
1750245376,14.601
1750245377,17.915
1750245378,38.669
1750245379,17.105
1750245380,20.365
1750245381,14.731
1750245382,19.977
1750245383,19.527
1750245384,24.194
1750245385,22.606
1750245386,32.918
1750245387,16.572
1750245388,18.882
1750245389,18.31
1750245390,27.506
1750245391,38.851
1750245392,27.346
1750245393,25.439
1750245394,40.459
1750245395,37.143
1750245396,17.72
1750245397,33.092
1750245398,36.539
1750245399,30.609
1750245400,39.529
1750245401,23.271
1750245402,24.89
1750245403,24.097
1750245404,23.687
1750245405,15.478
1750245406,22.973
1750245407,15.426
1750245408,15.911
1750245409,28.938
1750245410,20.588
1750245411,25.402
1750245413,27.482
1750245414,35.577
1750245417,16.272
1750245423,24.89
1750245427,60
1750245428,60
1750245430,18.867
1750245432,16.359
1750245435,66.537
1750245442,27.047
1750245449,22.217
1750245453,60
1750245454,56.89
1750245455,43.988
1750245456,19.961
1750245457,32.407
1750245458,31.34
1750245459,28.348
1750245460,60.116
1750245461,17.969
1750245464,25.737
1750245465,33.443
1750245466,31.959
1750245467,95.584
1750245469,18.606
1750245470,26.941
1750245471,15.59
1750245473,53.142
1750245474,15.072
1750245475,31.68
1750245477,35.498
1750245478,23.887
1750245479,21.412
1750245481,28.37
1750245482,26.235
1750245485,21.328
1750245486,22.851
1750245488,44.791
1750245490,22.828
1750245491,38.314
1750245494,18.562
1750245495,20.96
1750245497,23.403
1750245500,31.964
1750245501,16.533
1750245502,19.646
1750245504,33.259
1750245507,91.323
1750245508,33.541
1750245509,14.974
1750245510,58.196
1750245511,17.667
1750245512,60
1750245514,107.376
1750245515,86.824
1750245516,47.896
1750245517,78.248
1750245518,52.205
1750245519,22.143
1750245520,18.064
1750245521,15.131
1750245532,15.699
1750245535,15.173
1750245541,19.038
1750245544,16.429
1750245550,17.449
1750245551,18.553
1750245557,17.839
1750245560,15.288
1750245569,19.597
1750245572,14.597
1750245576,21.746
1750245581,20.151
1750245587,15.747
1750245593,16.532
1750245598,20.61
1750245599,15.545
1750245601,15.098
1750245603,14.146
1750245606,14.95
1750245607,14.809
1750245610,14.758
1750245611,15.422
1750245615,14.557
1750245616,15.899
1750245620,15.788
1750245625,15.56
1750245630,17.075
1750245631,17.91
1750245635,15.183
1750245638,16.263
1750245646,19.408
1750245648,15.514
1750245649,15.699
1750245651,23.491
1750245652,60.349
1750245655,18.567
1750245658,18.554
1750245661,45.953
1750245666,24.94
1750245668,17.261
1750245670,20.626
1750245672,27.173
1750245673,66.445
1750245674,79.203
1750245677,19.162
1750245679,25.582
1750245682,24.734
1750245683,15.561
1750245685,38.091
1750245687,28.545
1750245689,37.651
1750245690,36.585
1750245692,16.921
1750245693,30.554
1750245694,39.671
1750245696,18.098
1750245698,17.137
1750245699,33.646
1750245700,76.91
1750245701,40.59
1750245702,18.744
1750245707,71.694
1750245712,31.86
1750245720,40.835
1750245725,22.07
1750245729,24.537
1750245731,20.588
1750245733,70.755
1750245738,49.929
1750245743,30.753
1750245744,27.359
1750245750,26.344
1750245752,22.557
1750245753,20.84
1750245756,21.039
1750245761,17.904
1750245764,38.137
1750245768,17.192
1750245772,23.01
1750245775,16.442
1750245776,23.595
1750245777,26.34
1750245778,25.406
1750245779,18.489
1750245780,15.279
1750245781,17.552
1750245782,20.876
1750245783,18.876
1750245784,36.825
1750245785,29.325
1750245786,23.226
1750245787,29.92
1750245788,22.702
1750245789,25.002
1750245790,33.025
1750245791,22.749
1750245792,28.596
1750245793,21.022
1750245794,21.045
1750245795,21.799
1750245796,25.703
1750245797,30.13
1750245798,16.104
1750245799,25.67
1750245800,34.215
1750245801,17.895
1750245802,27.7
1750245803,20.74
1750245804,16.476
1750245805,35.834
1750245806,32.601
1750245807,18.47
1750245808,44.744
1750245809,55.922
1750245810,16.055
1750245811,42.214
1750245812,34.728
1750245813,20.926
1750245815,38.868
1750245819,51.335
1750245821,16.308
1750245822,31.813
1750245823,15.963
1750245825,38.258
1750245826,26.763
1750245827,29.239
1750245828,19.157
1750245829,30.161
1750245830,22.751
1750245832,40.403
1750245833,60
1750245835,60
1750245836,46.551
1750245838,17.875
1750245841,15.742
1750245846,16.069
1750245848,46.153
1750245851,46.713
1750245855,21.774
1750245860,32.899
1750245863,17.749
1750245866,89.829
1750245870,16.709
1750245872,17.442
1750245878,60
1750245879,60
1750245880,60
1750245881,60
1750245882,31.034
1750245885,44.397
1750245888,26.379
1750245890,15.373
1750245893,21.453
1750245899,19.193
1750245903,19.143
1750245908,20.615
1750245913,18.685
1750245919,18.121
1750245924,26.696
1750245929,18.051
1750245934,26.503
1750245936,51.094
1750245940,15.098
1750245944,31.033
1750245949,17.488
1750245951,29.214
1750245957,43.02
1750245965,25.161
1750245968,38.452
1750245971,15.234
1750245974,31.223
1750245977,60
1750245978,60
1750245979,87.398
1750245985,28.435
1750245987,37.562
1750245989,28.235
1750245990,100.096
1750245991,84.14
1750245992,68.067
1750245993,27.684
1750245994,45.458
1750245995,23.536
1750245996,31.35
1750245997,15.758
1750245998,26.28
1750245999,18.397
1750246000,39.397
1750246001,14.909
1750246002,25.433
1750246003,22.879
1750246004,26.772
1750246005,17.565
1750246006,23.956
1750246007,27.98
1750246008,22.42
1750246009,24.488
1750246010,14.968
1750246011,39.369
1750246012,21.179
1750246013,31.735
1750246014,25.604
1750246015,39.888
1750246016,16.789
1750246017,24.704
1750246018,16.155
1750246019,23.889
1750246020,31.973
1750246021,16.004
1750246022,28.154
1750246023,27.295
1750246024,24.927
1750246026,25.86
1750246028,20.32
1750246029,19.313
1750246030,60
1750246031,49.099
1750246036,29.461
1750246041,18.686
1750246044,18.035
1750246048,25.404
1750246054,17.539
1750246062,44.363
1750246065,18.785
1750246070,15.351
1750246072,17.631
1750246076,36.381
1750246080,58.448
1750246084,22.713
1750246086,14.895
1750246088,99.757
1750246091,60
1750246092,60
1750246096,16.314
1750246099,17.737
1750246105,17.925
1750246112,22.29
1750246118,28.293
1750246124,15.839
1750246125,21.541
1750246126,16.874
1750246127,16.701
1750246128,36.797
1750246129,17.646
1750246130,37.66
1750246131,18.138
1750246132,22.648
1750246133,27.422
1750246134,17.932
1750246135,15.614
1750246136,22.639
1750246137,25.821
1750246138,37.875
1750246139,25.98
1750246140,33.419
1750246141,119.209
1750246142,92.856
1750246143,61.627
1750246144,19.059
1750246145,20.315
1750246146,15.089
1750246147,44.673
1750246148,16.539
1750246149,17.577
1750246150,21.738
1750246151,18.658
1750246152,28.024
1750246153,17.071
1750246154,27.408
1750246155,16.079
1750246156,39.289
1750246157,25.221
1750246158,37.089
1750246159,17.933
1750246160,22.49
1750246161,16.141
1750246162,22.608
1750246163,20.682
1750246164,33.342
1750246165,29.74
1750246166,14.962
1750246167,24.068
1750246168,31.208
1750246169,29.418
1750246170,17.361
1750246171,16.747
1750246172,16.739
1750246173,15.871
1750246174,16.684
1750246175,33.765
1750246176,60.74
1750246177,28.256
1750246178,52.533
1750246179,36.618
1750246180,23.619
1750246182,32.666
1750246183,17.188
1750246184,131.846
1750246185,45.683
1750246186,20.026
1750246189,78.212
1750246191,25.26
1750246192,46.946
1750246193,119.475
1750246194,24.47
1750246195,34.483
1750246196,27.698
1750246197,49.417
1750246200,73.26
1750246201,25.3
1750246203,41.544
1750246205,45.819
1750246206,15.595
1750246209,34.646
1750246210,35.517
1750246211,29.51
1750246212,58.189
1750246213,16.574
1750246214,47.52
1750246215,25.384
1750246217,28.686
1750246218,24.633
1750246219,29.45
1750246220,41.305
1750246222,34.508
1750246223,16.567
1750246224,34.42
1750246225,18.066
1750246226,20.899
1750246228,16.002
1750246229,15.039
1750246230,26.492
1750246231,17.886
1750246233,35.063
1750246234,24.919
1750246235,16.815
1750246236,27.564
1750246237,15.653
1750246239,18.023
1750246240,19.404
1750246241,18.433
1750246242,32.419
1750246245,71.753
1750246247,17.696
1750246249,16.619
1750246250,70.732
1750246251,17.302
1750246252,31.584
1750246253,20.353
1750246254,55.424
1750246257,18.991
1750246258,34.248
1750246259,24.933
1750246260,46.075
1750246261,54.866
1750246262,16.243
1750246263,54.372
1750246264,17.165
1750246265,25.444
1750246266,16.049
1750246267,38.817
1750246268,16.529
1750246269,16.585
1750246270,23.881
1750246271,16.978
1750246272,21.53
1750246273,15.861
1750246274,23.147
1750246275,22.484
1750246276,37.188
1750246277,31.716
1750246278,32.42
1750246279,42.239
1750246280,17.071
1750246281,36.624
1750246282,23.649
1750246283,43.019
1750246284,20.633
1750246285,28.001
1750246286,35.441
1750246287,38.179
1750246288,33.847
1750246289,28.055
1750246290,30.976
1750246291,28.576
1750246292,19.655
1750246293,47.132
1750246294,36.04
1750246295,22.649
1750246296,28.338
1750246297,31.393
1750246298,37.87
1750246299,17.35
1750246300,32.544
1750246301,36.864
1750246302,22.098
1750246303,29.889
1750246304,24.913
1750246305,45.323
1750246306,18.941
1750246307,62.067
1750246308,30.998
1750246309,22.601
1750246310,14.877
1750246311,24.915
1750246312,25.647
1750246313,25.422
1750246314,35.375
1750246315,18.835
1750246316,26.064
1750246317,26.273
1750246318,20.5
1750246319,16.446
1750246320,25.938
1750246321,35.499
1750246323,26.775
1750246324,17.299
1750246325,17.638
1750246326,16.789
1750246327,17.824
1750246328,39.264
1750246329,20.528
1750246330,24.584
1750246331,25.066
1750246332,16.736
1750246333,17.074
1750246334,19.163
1750246335,35.448
1750246336,24.512
1750246337,52.85
1750246338,22.895
1750246339,33.859
1750246340,47.381
1750246341,20.768
1750246342,16.098
1750246343,25.868
1750246344,24.544
1750246345,38.018
1750246346,18.525
1750246347,17.919
1750246348,18.078
1750246349,18.06
1750246350,24.615
1750246351,50.952
1750246352,86.22
1750246353,22.482
1750246354,30.253
1750246355,26.91
1750246356,36.967
1750246357,15.335
1750246358,53.618
1750246359,21.554
1750246360,27.582
1750246361,18.917
1750246362,50.947
1750246363,27.592
1750246364,19.353
1750246365,21.961
1750246366,61.361
1750246367,39.385
1750246368,17.785
1750246369,49.937
1750246370,20.032
1750246371,15.662
1750246372,29.983
1750246373,33.522
1750246374,17.054
1750246375,16.76
1750246376,15.736
1750246377,19.532
1750246378,21.449
1750246379,36.943
1750246380,20.964
1750246381,17.886
1750246382,57.806
1750246383,57.848
1750246384,40.347
1750246385,25.223
1750246386,26.613
1750246387,23.824
1750246388,37.958
1750246389,18.622
1750246390,30.841
1750246391,31.851
1750246392,36.802
1750246393,14.898
1750246394,29.11
1750246395,26
1750246396,22.604
1750246397,36.759
1750246398,23.07
1750246399,29.613
1750246400,18.778
1750246401,17.033
1750246402,19.403
1750246403,71.458
1750246404,22.434
1750246405,39.677
1750246406,22.728
1750246407,15.758
1750246408,15.687
1750246409,17.804
1750246410,22.996
1750246411,107.954
1750246413,15.026
1750246414,51.123
1750246415,15.206
1750246417,14.636
1750246418,20.282
1750246419,25.652
1750246420,19.148
1750246421,40.282
1750246422,40.674
1750246423,75.564
1750246424,22.372
1750246426,84.833
1750246427,59.605
1750246428,96.385
1750246429,118.606
1750246430,46.391
1750246431,67.097
1750246432,39.123
1750246434,42.666
1750246436,31.408
1750246437,172.43
1750246438,104.763
1750246439,48.47
1750246440,53.175
1750246442,48.035
1750246444,22.084
1750246445,22.198
1750246447,34.27
1750246449,39.804
1750246450,37.747
1750246451,53.257
1750246452,26.199
1750246454,58.814
1750246455,83.76
1750246456,50.502
1750246457,28.647
1750246458,29.325
1750246460,53.424
1750246461,21.239
1750246462,50.677
1750246463,23.683
1750246464,23.734
1750246465,83.559
1750246466,94.33
1750246468,20.676
1750246469,56.548
1750246470,57.472
1750246471,36.087
1750246474,23.613
1750246475,38.224
1750246476,19.171
1750246477,29.072
1750246478,30.863
1750246481,17.271
1750246483,35.878
1750246484,19.622
1750246485,24.054
1750246486,14.917
1750246488,16.856
1750246502,27.01
1750246503,19.478
1750246505,16.589
1750246506,40.302
1750246507,18.287
1750246508,48.616
1750246509,41.409
1750246510,32.301
1750246511,18.017
1750246513,60
1750246514,60
1750246515,60
1750246516,60
1750246517,60
1750246518,60
1750246519,60
1750246522,66.369
1750246524,18.751
1750246531,19.078
1750246536,20.27
1750246540,41.909
1750246544,16.212
1750246549,29.562
1750246554,21.763
1750246556,16.267
1750246557,52.125
1750246560,21.381
1750246561,32.928
1750246562,19.585
1750246563,60
1750246564,98.228
1750246565,34.712
1750246567,16.064
1750246568,32.738
1750246575,41.9
1750246577,26.456
1750246579,18.265
1750246580,21.589
1750246581,28.464
1750246582,37.711
1750246583,20.586
1750246584,25.131
1750246587,53.798
1750246594,60
1750246595,60
1750246598,46.658
1750246599,45.237
1750246600,18.211
1750246601,17.475
1750246602,16.819
1750246603,22.344
1750246604,18.755
1750246605,17.778
1750246606,16.302
1750246607,42.824
1750246608,21.828
1750246610,25.539
1750246611,19.364
1750246613,37.473
1750246614,33.069
1750246615,18.577
1750246616,28.083
1750246618,26.907
1750246620,33.505
1750246621,23.917
1750246622,17.708
1750246624,88.027
1750246626,96.48
1750246628,19.025
1750246629,81.633
1750246630,16.158
1750246631,26.775
1750246632,26.963
1750246633,15.804
1750246634,29.855
1750246635,42.257
1750246636,52.664
1750246637,15.177
1750246638,60
1750246639,128.269
1750246640,110.554
1750246641,70.884
1750246642,48.718
1750246643,17.66
1750246644,50.802
1750246645,25.512
1750246646,24.005
1750246647,40.304
1750246648,15.759
1750246649,15.153
1750246650,24.127
1750246651,16.795
1750246652,60.135
1750246654,26.659
1750246655,26.434
1750246656,37.191
1750246657,90.432
1750246658,96.941
1750246659,77.742
1750246660,57.623
1750246661,19.795
1750246662,47.071
1750246663,75.954
1750246664,33.857
1750246665,75.167
1750246666,50.851
1750246667,60
1750246668,60
1750246669,60
1750246670,60
1750246671,60
1750246672,28.741
1750246674,101.363
1750246679,44.114
1750246681,34.829
1750246684,14.974
1750246686,22.122
1750246687,41.578
1750246692,20.443
1750246697,18.784
1750246700,14.739
1750246705,20.468
1750246710,16.339
1750246715,20.258
1750246720,16.759
1750246722,16.149
1750246729,15.785
1750246735,44.235
1750246736,38.379
1750246737,46.21
1750246739,16.207
1750246740,14.793
1750246741,60
1750246742,118.939
1750246743,92.445
1750246744,57.96
1750246745,16.958
1750246746,28.134
1750246749,14.729
1750246750,33.729
1750246752,18.016
1750246753,28.799
1750246754,27.695
1750246755,19.209
1750246756,15.342
1750246757,20.852
1750246758,28.744
1750246759,15.691
1750246760,16.05
1750246761,23.641
1750246762,17.81
1750246763,17.827
1750246764,33.078
1750246765,29.79
1750246766,27.175
1750246767,18.823
1750246768,15.939
1750246769,22.6
1750246770,38.871
1750246771,24.547
1750246772,19.66
1750246773,19.792
1750246774,34.37
1750246775,17.748
1750246776,64.664
1750246777,38.89
1750246778,15.974
1750246779,17.138
1750246780,162.132
1750246781,30.15
1750246782,20.818
1750246783,71.546
1750246784,16.86
1750246785,24.721
1750246786,36.532
1750246787,56.929
1750246788,182.599
1750246789,126.237
1750246790,95.544
1750246791,78.59
1750246792,54.212
1750246793,14.895
1750246794,30.294
1750246795,15.024
1750246796,27.205
1750246797,36.347
1750246798,23.939
1750246799,42.359
1750246800,16.535
1750246801,22.067
1750246802,39.686
1750246803,38.691
1750246804,27.484
1750246805,21.953
1750246806,22.611
1750246807,20.631
1750246808,27.589
1750246809,16.177
1750246810,14.693
1750246811,16.743
1750246812,15.426
1750246813,16.138
1750246814,29.547
1750246815,28.515
1750246816,22.043
1750246817,29.624
1750246819,27.025
1750246820,31.502
1750246821,36.677
1750246822,17.136
1750246823,35.329
1750246825,19.731
1750246826,21.733
1750246828,16.259
1750246829,15.624
1750246830,22.965
1750246831,42.133
1750246832,37.591
1750246833,23.416
1750246835,36.336
1750246836,22.426
1750246838,20.49
1750246839,16
1750246841,20.67
1750246842,33.978
1750246843,14.842
1750246844,73.253
1750246845,51.726
1750246846,22.976
1750246847,28.772
1750246848,19.472
1750246849,29.01
1750246850,31.99
1750246851,29.247
1750246852,18.236
1750246853,16.6
1750246854,25.194
1750246855,18.677
1750246856,15.432
1750246857,32.857
1750246858,31.804
1750246859,23.556
1750246860,23.914
1750246861,31.187
1750246862,19.804
1750246863,15.757
1750246864,96.055
1750246865,28.763
1750246866,46.667
1750246867,20.585
1750246869,34.75
1750246870,17.024
1750246871,20.745
1750246872,28.29
1750246873,43.697
1750246874,26.555
1750246875,40.833
1750246876,19.559
1750246877,22.031
1750246878,24.46
1750246879,29.053
1750246880,45.908
1750246881,33.002
1750246882,30.652
1750246883,30.187
1750246884,17.68
1750246885,16.223
1750246886,27.101
1750246887,16.074
1750246888,19.593
1750246889,31.941
1750246890,28.988
1750246891,24.513
1750246892,27.657
1750246893,34.658
1750246894,27.974
1750246895,16.048
1750246896,29.553
1750246897,44.251
1750246898,30.92
1750246899,45.287
1750246900,58.29
1750246901,20.925
1750246902,19.679
1750246903,23.709
1750246904,26.867
1750246905,38.437
1750246906,17.871
1750246907,15.099
1750246908,18.423
1750246909,31.452
1750246910,21.954
1750246911,32.161
1750246912,16.019
1750246913,25.851
1750246914,34.283
1750246915,16.854
1750246916,22.636
1750246917,38.994
1750246918,15.488
1750246919,20.627
1750246920,22.815
1750246921,20.605
1750246922,24.517
1750246923,28.649
1750246924,27.644
1750246925,37.793
1750246926,63.864
1750246927,17.814
1750246928,20.646
1750246929,17.723
1750246930,22.301
1750246932,41.395
1750246933,61.885
1750246934,27.458
1750246935,16.078
1750246936,39.538
1750246937,14.832
1750246938,21.449
1750246939,32.81
1750246940,25.563
1750246942,28.089
1750246943,80.323
1750246944,60
1750246945,16.218
1750246949,15.282
1750246951,19.549
1750246952,78.632
1750246953,25.422
1750246954,14.752
1750246955,27.091
1750246956,17.267
1750246963,19.464
1750246968,77.065
1750246976,16.207
1750246981,14.545
1750246982,15.96
1750246983,23.553
1750246985,33.343
1750246987,15.779
1750246989,47.452
1750246990,15.059
1750246992,24.353
1750246993,18.628
1750246994,30.109
1750246996,16.588
1750246998,28.094
1750247001,52.99
1750247002,49.064
1750247003,16.277
1750247005,15.56
1750247007,20.381
1750247008,23.372
1750247009,19.539
1750247010,18.068
1750247011,15.929
1750247012,26.232
1750247013,23.474
1750247014,14.773
1750247015,27.077
1750247016,29.139
1750247017,17.131
1750247018,48.926
1750247019,63.646
1750247020,29.972
1750247021,22.246
1750247022,18.563
1750247023,32.995
1750247024,25.14
1750247025,38.536
1750247026,27.09
1750247028,15.814
1750247029,35.053
1750247030,16.527
1750247031,25.588
1750247032,30.986
1750247033,50.305
1750247034,47.658
1750247035,85.342
1750247036,63.405
1750247037,31.081
1750247038,38.431
1750247039,91.65
1750247040,62.049
1750247041,23.563
1750247042,16.787
1750247043,37.531
1750247044,45.132
1750247045,20.609
1750247047,21.423
1750247050,42.071
1750247052,17.666
1750247053,27.252
1750247055,52.873
1750247056,30.683
1750247057,16.245
1750247059,20.84
1750247060,18.446
1750247063,60
1750247064,60
1750247066,33.699
1750247071,18.962
1750247076,80.367
1750247082,26.872
1750247084,18.02
1750247086,18.109
1750247088,19.699
1750247090,18.175
1750247091,23.153
1750247095,61.477
1750247097,22.02
1750247101,16.3
1750247103,22.053
1750247104,14.566
1750247105,40.183
1750247106,60
1750247108,60
1750247109,16.035
1750247111,16.834
1750247116,26.037
1750247118,25.719
1750247119,16.334
1750247123,16.651
1750247125,31.994
1750247126,23.696
1750247127,36.318
1750247128,21.947
1750247130,24.317
1750247132,30.344
1750247133,83.546
1750247134,43.386
1750247135,49.4
1750247136,33.408
1750247137,17.367
1750247138,19.698
1750247139,28.012
1750247140,32.949
1750247142,117.637
1750247143,26.941
1750247144,84.636
1750247145,14.255
1750247147,28.819
1750247148,35.628
1750247149,21.759
1750247150,24.416
1750247152,30.91
1750247154,21.455
1750247155,22.419
1750247156,36.932
1750247158,21.043
1750247159,23.518
1750247160,42.035
1750247162,14.994
1750247163,14.328
1750247167,14.333
1750247172,21.964
1750247179,19.876
1750247185,16.577
1750247191,16.25
1750247197,17.665
1750247202,17.125
1750247204,14.317
1750247206,17.018
1750247207,14.833
1750247208,15.753
1750247209,14.985
1750247212,15.607
1750247215,14.771
1750247216,14.323
1750247218,16.259
1750247221,14.622
1750247224,14.686
1750247228,122.788
1750247229,62.855
1750247230,34.006
1750247232,27.176
1750247233,34.982
1750247234,31.713
1750247235,46.282
1750247236,14.524
1750247237,21.043
1750247239,20.503
1750247240,45.533
1750247242,34.898
1750247246,19.751
1750247247,15.851
1750247250,32.787
1750247253,18.46
1750247254,32.296
1750247256,48.226
1750247259,18.752
1750247264,17.675
1750247267,27.915
1750247272,17.889
1750247273,26.906
1750247275,33.883
1750247279,17.319
1750247280,16.049
1750247283,16.624
1750247285,167.951
1750247287,33.566
1750247289,41.567
1750247290,17.359
1750247292,36.322
1750247294,33.16
1750247295,37.2
1750247297,35.209
1750247298,16.622
1750247299,29.916
1750247302,39.446
1750247303,27.253
1750247304,28.006
1750247305,27.044
1750247307,20.602
1750247310,58.37
1750247311,44.62
1750247315,27.948
1750247319,19.159
1750247321,28.831
1750247326,36.372
1750247333,60
1750247334,60
1750247335,60
1750247336,60
1750247337,60
1750247338,60
1750247339,60
1750247341,28.519
1750247347,18.47
1750247353,72.23
1750247358,46.055
1750247361,32.568
1750247366,23.205
1750247367,34.422
1750247372,45.47
1750247377,15.366
1750247379,31.555
1750247384,17.983
1750247388,23.911
1750247390,15.331
1750247394,22.51
1750247400,47.067
1750247402,30.139
1750247409,31.358
1750247414,52.323
1750247418,33.801
1750247419,27.507
1750247420,17.225
1750247424,28.29
1750247425,27.182
1750247427,25.791
1750247434,27.6
1750247437,16.735
1750247440,22.212
1750247446,50.952
1750247451,31.699
1750247453,43.357
1750247456,18.526
1750247460,25.535
1750247466,21.536
1750247469,17.112
1750247475,77.408
1750247479,20.723
1750247486,31.82
1750247490,22.162
1750247493,16.747
1750247494,17.921
1750247495,18.583
1750247496,56.474
1750247497,17.495
1750247498,18.679
1750247499,21.428
1750247500,37.171
1750247501,34.796
1750247502,17.058
1750247503,48.772
1750247504,26.352
1750247505,38.227
1750247506,18.969
1750247507,25.633
1750247508,17.023
1750247509,18.467
1750247510,26.861
1750247511,19.934
1750247512,18.666
1750247513,36.301
1750247514,41.611
1750247515,32.518
1750247516,33.995
1750247517,35.899
1750247518,24.373
1750247519,21.008
1750247520,15.484
1750247521,37.366
1750247522,32.125
1750247523,28.34
1750247524,26.536
1750247525,19.756
1750247526,19.554
1750247527,26.066
1750247528,16.87
1750247529,23.231
1750247530,21.801
1750247531,53.852
1750247532,17.741
1750247533,24.032
1750247534,15.891
1750247535,47.634
1750247536,90.885
1750247537,34.38
1750247538,56.116
1750247539,37.987
1750247540,34.09
1750247541,19.743
1750247542,20.878
1750247543,29.951
1750247544,29.554
1750247545,17.371
1750247546,16.739
1750247547,60
1750247550,21.028
1750247553,29.015
1750247560,25.819
1750247568,33.028
1750247569,16.968
1750247573,32.506
1750247576,21.139
1750247582,17.193
1750247588,19.958
1750247593,114.246
1750247598,22.14
1750247603,19.267
1750247607,42.983
1750247612,26.033
1750247615,28.086
1750247616,41.929
1750247618,16.208
1750247619,30.793
1750247621,21.95
1750247622,21.696
1750247623,74.773
1750247625,42.092
1750247627,46.451
1750247628,14.735
1750247631,15.985
1750247632,16.824
1750247634,40.817
1750247635,23.764
1750247637,32.064
1750247638,32.897
1750247639,25.533
1750247640,15.338
1750247641,18.364
1750247643,24.445
1750247644,24.326
1750247646,24.89
1750247647,17.575
1750247649,26.898
1750247651,33.335
1750247654,23.906
1750247656,30.851
1750247659,26.668
1750247660,32.014
1750247661,26.686
1750247662,46.394
1750247665,20.14
1750247666,30.165
1750247667,18.067
1750247669,51.158
1750247670,22.359
1750247672,15.21
1750247673,15.34
1750247675,17.108
1750247676,18.262
1750247677,19.857
1750247679,32.222
1750247681,17.569
1750247682,17.394
1750247684,53.244
1750247685,29.405
1750247687,35.771
1750247688,24.705
1750247689,28.081
1750247690,59.142
1750247692,40.11
1750247693,28.446
1750247694,19.674
1750247695,31.736
1750247696,23.899
1750247699,49.499
1750247701,36.859
1750247702,37.539
1750247704,31.405
1750247705,33.704
1750247707,33.197
1750247709,36.037
1750247710,29.024
1750247714,58.023
1750247715,63.636
1750247718,20.148
1750247721,23.149
1750247724,18.584
1750247725,17.106
1750247727,35.565
1750247729,21.646
1750247731,21.504
1750247733,18.033
1750247735,15.421
1750247736,20.692
1750247737,26.461
1750247738,25.011
1750247740,26.581
1750247742,20.93
1750247744,36.011
1750247745,20.586
1750247746,23.024
1750247749,15.033
1750247751,17.615
1750247753,34.785
1750247754,21.2
1750247756,15.618
1750247757,16.11
1750247758,17.208
1750247760,41.179
1750247761,60
1750247762,60
1750247763,60
1750247765,21.022
1750247768,32.834
1750247771,16.153
1750247777,43.176
1750247779,44.501
1750247781,24.803
1750247782,32.086
1750247783,20.264
1750247785,48.909
1750247787,35.885
1750247790,44.424
1750247791,31.447
1750247792,48.496
1750247793,19.613
1750247795,23.816
1750247798,25.344
1750247799,38.143
1750247802,32.735
1750247804,30.437
1750247807,22.591
1750247810,40.911
1750247811,26.336
1750247815,48.844
1750247816,20.986
1750247818,18.351
1750247819,17.791
1750247820,17.084
1750247822,38.895
1750247824,19.551
1750247827,15.53
1750247829,20.12
1750247831,25.736
1750247833,42.496
1750247834,49.89
1750247835,38.309
1750247836,15.244
1750247837,23.159
1750247838,24.896
1750247839,38.359
1750247841,33.586
1750247843,26.39
1750247844,38.883
1750247845,32.005
1750247847,15.868
1750247848,16.573
1750247851,38.833
1750247853,23.687
1750247855,19.306
1750247858,55.125
1750247859,22.829
1750247862,36.673
1750247866,36.461
1750247868,21.214
1750247871,21.268
1750247872,24.407
1750247874,35.593
1750247876,17.046
1750247877,161.898
1750247881,16.888
1750247882,26.073
1750247884,28.581
1750247885,19.964
1750247886,34.578
1750247887,16.614
1750247890,34.101
1750247891,16.208
1750247894,26.148
1750247895,19.741
1750247897,24.008
1750247899,32.356
1750247900,37
1750247901,20.713
1750247902,25.932
1750247905,54.764
1750247907,31.985
1750247908,40.273
1750247910,20.459
1750247912,16.975
1750247913,18.104
1750247915,22.647
1750247916,59.879
1750247917,36.142
1750247918,17.065
1750247919,28.165
1750247920,20.586
1750247921,34.189
1750247922,19.703
1750247923,23.517
1750247924,15.494
1750247925,41.722
1750247926,36.974
1750247927,34.518
1750247928,22.116
1750247929,27.695
1750247930,29.818
1750247931,22.193
1750247932,15.82
1750247933,47.924
1750247934,44.907
1750247935,22.995
1750247936,44.766
1750247938,19.684
1750247939,24.406
1750247940,17.904
1750247941,23.379
1750247942,57.59
1750247943,44.501
1750247944,191.481
1750247945,26.488
1750247946,18.182
1750247947,37.505
1750247948,15.943
1750247949,47.373
1750247950,16.565
1750247951,26.495
1750247952,22.749
1750247953,56.729
1750247954,20.453
1750247955,102.699
1750247956,59.464
1750247957,122.902
1750247958,172.181
1750247959,78.487
1750247960,16.24
1750247961,60
1750247962,27.931
1750247967,17.805
1750247971,20.277
1750247972,42.201
1750247973,65.405
1750247974,60
1750247976,22.665
1750247977,31.174
1750247980,15.425
1750247981,22.599
1750247982,21.867
1750247984,21.737
1750247985,30.043
1750247986,21.044
1750247988,14.721
1750247990,23.62
1750247991,24.826
1750247992,35.392
1750247994,15.122
1750247995,27.892
1750247996,20.128
1750247997,16.071
1750247999,38.931
1750248000,18.129
1750248001,35.704
1750248003,35.687
1750248004,54.945
1750248006,18.396
1750248007,52.985
1750248008,22.977
1750248010,20.617
1750248012,26.057
1750248014,51.136
1750248016,18.391
1750248018,25.812
1750248020,17.585
1750248023,21.095
1750248026,38.534
1750248027,17.412
1750248029,24.236
1750248030,16.058
1750248031,37.73
1750248033,42.148
1750248034,88.839
1750248035,61.637
1750248036,96.001
1750248038,43.761
1750248039,16.99
1750248041,39.773
1750248042,17.905
1750248044,30.902
1750248046,18.246
1750248047,19.727
1750248050,25.073
1750248052,19.644
1750248053,48.498
1750248055,22.514
1750248057,25.369
1750248058,16.373
1750248060,19.462
1750248061,20.202
1750248062,27.795
1750248063,25.93
1750248066,22.422
1750248068,15.887
1750248069,14.593
1750248070,43.185
1750248071,17.416
1750248072,54.526
1750248074,34.064
1750248075,19.413
1750248076,16.322
1750248077,29.466
1750248078,38.685
1750248080,18.953
1750248083,37.158
1750248090,17.439
1750248092,18.481
1750248094,72.652
1750248102,19.616
1750248103,17.223
1750248105,29.805
1750248107,110.574
1750248112,21.541
1750248113,24.012
1750248115,26.547
1750248116,19.689
1750248118,15.65
1750248119,15.362
1750248120,35.529
1750248121,44.212
1750248122,110.372
1750248125,14.927
1750248126,37.387
1750248127,16.953
1750248129,27.52
1750248131,24.76
1750248132,27.707
1750248134,15.452
1750248135,21.856
1750248137,29.522
1750248140,16.265
1750248141,31.188
1750248143,19.639
1750248144,18.726
1750248145,29.905
1750248147,27.523
1750248148,16.102
1750248150,19.795
1750248151,20.482
1750248152,20.545
1750248153,30.329
1750248154,27.998
1750248155,21.614
1750248156,58.433
1750248157,16.263
1750248158,60.857
1750248159,44.19
1750248160,26.331
1750248161,16.35
1750248162,17.962
1750248163,47.008
1750248164,29.68
1750248165,36.326
1750248166,44.69
1750248167,17.188
1750248168,21.074
1750248169,17.652
1750248170,49.876
1750248171,20.557
1750248172,43.694
1750248173,27.487
1750248174,18.651
1750248175,14.754
1750248176,27.001
1750248177,31.83
1750248178,40.697
1750248179,22.431
1750248180,18.019
1750248181,124.967
1750248182,55.184
1750248183,16.207
1750248184,87.78
1750248185,64.959
1750248186,32.905
1750248187,67.428
1750248188,35.379
1750248189,154.08
1750248190,32.134
1750248191,36.94
1750248193,31.876
1750248195,42.783
1750248198,26.749
1750248199,14.664
1750248200,30.13
1750248201,20.572
1750248202,123.302
1750248203,80.319
1750248204,18.731
1750248205,23.048
1750248206,30.264
1750248208,27.314
1750248209,24.499
1750248211,16.304
1750248212,23.203
1750248214,29.682
1750248215,18.779
1750248216,30.926
1750248218,45.382
1750248219,15.655
1750248221,32.264
1750248223,17.019
1750248224,15.926
1750248225,24.781
1750248226,16.373
1750248227,21.64
1750248228,29.849
1750248229,44.005
1750248231,18.339
1750248232,19.096
1750248233,17.447
1750248235,16.614
1750248237,50.508
1750248238,49.325
1750248240,64.732
1750248241,31.623
1750248243,14.348
1750248244,14.879
1750248245,21.485
1750248246,15.491
1750248247,43.604
1750248249,16.513
1750248251,29.569
1750248252,55.386
1750248253,19.536
1750248255,19.454
1750248256,33.747
1750248258,62.27
1750248259,19.611
1750248260,99.843
1750248261,77.276
1750248262,44.32
1750248263,26.991
1750248264,192.136
1750248265,18.594
1750248266,18.479
1750248267,54.645
1750248268,20.929
1750248269,31.11
1750248270,16.631
1750248271,38.185
1750248272,17.665
1750248273,18.04
1750248274,26.042
1750248275,26.903
1750248276,60
1750248280,38.064
1750248285,14.847
1750248286,15.198
1750248287,24.355
1750248289,19.911
1750248290,19.956
1750248291,19.555
1750248292,31.141
1750248294,27.568
1750248295,17.976
1750248296,15.468
1750248298,34.784
1750248299,73.719
1750248300,26.105
1750248301,37.595
1750248302,42.493
1750248304,20.381
1750248306,54.269
1750248307,29.156
1750248317,60
1750248318,60
1750248319,60
1750248321,21.845
1750248324,39.382
1750248328,39.859
1750248329,21.13
1750248330,28.133
1750248331,20.021
1750248336,16.083
1750248337,19.569
1750248338,37.219
1750248339,29.801
1750248342,18.605
1750248343,17.294
1750248346,23.409
1750248348,20.57
1750248351,46.726
1750248352,34.139
1750248353,26.8
1750248355,24.663
1750248359,18.64
1750248360,19.588
1750248361,19.866
1750248364,46.056
1750248371,60
1750248372,119.576
1750248376,51.315
1750248378,41.552
1750248379,30.509
1750248380,20.707
1750248381,59.57
1750248382,32.313
1750248383,20.41
1750248384,52.365
1750248385,32.759
1750248386,57.141
1750248387,15.81
1750248388,48.259
1750248389,33.88
1750248390,25.771
1750248391,16.09
1750248392,42.036
1750248393,49.63
1750248394,20.54
1750248395,33.11
1750248396,43.98
1750248397,25.98
1750248398,17.129
1750248399,20.013
1750248400,42.2
1750248401,41.326
1750248402,23.765
1750248403,17.571
1750248404,16.832
1750248405,35.5
1750248406,37.428
1750248408,65.767
1750248409,34.13
1750248410,50.122
1750248411,132.704
1750248412,38.124
1750248413,52.043
1750248414,20.057
1750248415,22.856
1750248416,17.092
1750248417,19.727
1750248418,25.993
1750248419,16.952
1750248420,15.238
1750248421,18.203
1750248422,26.467
1750248423,24.544
1750248424,21.631
1750248425,35.013
1750248426,25.714
1750248427,40.146
1750248428,20.823
1750248429,26.71
1750248430,44.332
1750248431,66.698
1750248432,37.898
1750248433,20.839
1750248434,17.041
1750248435,18.09
1750248436,20.406
1750248437,54.568
1750248438,16.007
1750248439,21.344
1750248440,43.041
1750248441,74.741
1750248442,46.018
1750248443,47.917
1750248444,47.939
1750248445,45.184
1750248446,51.784
1750248447,153.16
1750248448,23.854
1750248449,64.061
1750248450,31.024
1750248451,24.482
1750248452,26.617
1750248453,34.308
1750248454,20.815
1750248455,33.178
1750248456,28.477
1750248457,23.071
1750248458,25.056
1750248459,53.516
1750248460,38.423
1750248461,49.592
1750248462,33.046
1750248463,35.399
1750248464,39.367
1750248465,78.575
1750248466,50.697
1750248467,21.254
1750248468,32.2
1750248469,30.376
1750248470,17.101
1750248471,29.33
1750248472,17.173
1750248473,32.9
1750248474,19.932
1750248475,17.905
1750248476,36.084
1750248477,23.791
1750248478,43.944
1750248479,23.506
1750248480,60
1750248487,15.557
1750248488,29.583
1750248489,23.149
1750248491,27.686
1750248492,25.85
1750248493,19.84
1750248494,29.192
1750248495,18.686
1750248497,35.77
1750248498,25.245
1750248499,24.696
1750248501,35.697
1750248502,28.07
1750248503,27.609
1750248505,21.328
1750248506,33.242
1750248508,29.852
1750248509,24.677
1750248511,41.49
1750248512,17.621
1750248513,36.168
1750248514,33.439
1750248516,19.709
1750248517,42.666
1750248518,15.169
1750248520,30.918
1750248521,14.819
1750248522,18.005
1750248523,22.467
1750248525,19.153
1750248526,30.277
1750248527,24.73
1750248529,19.653
1750248530,25.98
1750248531,23.531
1750248533,108.112
1750248535,15.889
1750248537,42.941
1750248539,30.143
1750248540,21.357
1750248541,24.238
1750248543,26.749
1750248545,24.992
1750248547,40.102
1750248548,35.255
1750248550,27.451
1750248551,52.536
1750248552,37.657
1750248554,75.229
1750248555,30.031
1750248557,31.908
1750248558,16.267
1750248559,43.569
1750248560,78.536
1750248561,20.209
1750248562,43.67
1750248564,47.085
1750248565,55.291
1750248566,16.783
1750248567,28.864
1750248569,18.312
1750248570,17.076
1750248571,14.995
1750248572,55.128
1750248574,114.866
1750248575,29.498
1750248576,30.74
1750248577,15.975
1750248578,57.227
1750248581,26.334
1750248582,23.288
1750248584,40.834
1750248585,58.747
1750248586,42.308
1750248588,31.171
1750248591,60
1750248593,60.688
1750248594,55.951
1750248595,17.453
1750248598,19.567
1750248603,25.481
1750248607,115.262
1750248610,14.873
1750248616,24.454
1750248621,24.568
1750248623,24.964
1750248624,75.743
1750248625,43.185
1750248627,31.842
1750248628,21.866
1750248630,75.031
1750248633,18.08
1750248636,42.823
1750248637,17.957
1750248639,28.965
1750248641,15.848
1750248646,15.54
1750248649,15.205
1750248654,102.277
1750248655,30.919
1750248658,23.075
1750248663,50.788
1750248665,15.44
1750248668,18.041
1750248674,16.758
1750248678,31.29
1750248681,22.297
1750248685,15.24
1750248692,41.395
1750248698,37.518
1750248699,30.303
1750248700,80.402
1750248705,33.241
1750248710,18.203
1750248716,31.137
1750248718,17.408
1750248720,28.337
1750248721,16.794
1750248722,71.532
1750248723,16.765
1750248724,66.53
1750248725,41.576
1750248726,71.257
1750248727,17.799
1750248728,75.342
1750248729,56.267
1750248730,20.72
1750248731,17.675
1750248732,66.626
1750248733,38.978
1750248734,53.743
1750248735,18.688
1750248736,40.796
1750248737,20.696
1750248738,20.982
1750248739,18.985
1750248740,35.776
1750248741,26.157
1750248742,41.219
1750248743,14.807
1750248744,15.233
1750248745,20.011
1750248746,31.253
1750248747,22.431
1750248748,61.895
1750248749,21.145
1750248750,14.823
1750248751,15.416
1750248752,16.156
1750248753,20.589
1750248754,23.784
1750248755,17.814
1750248756,29.149
1750248757,26.339
1750248758,98.898
1750248759,34.253
1750248760,53.982
1750248761,28.062
1750248762,53.418
1750248763,90.343
1750248764,37.241
1750248765,91.775
1750248766,18.414
1750248767,25.914
1750248768,17.296
1750248769,30.87
1750248770,24.658
1750248771,36.438
1750248772,44.487
1750248773,39.062
1750248774,14.85
1750248775,23.503
1750248776,24.456
1750248777,19.11
1750248778,23.722
1750248779,22.571
1750248780,15.158
1750248781,20.672
1750248782,33.776
1750248783,42.018
1750248784,27.462
1750248785,23.072
1750248786,50.422
1750248787,42.752
1750248788,14.657
1750248789,60
1750248790,60
1750248791,40.038
1750248793,27.951
1750248794,22.172
1750248797,21.04
1750248799,21.349
1750248801,17.978
1750248802,22.452
1750248804,35.298
1750248805,28.268
1750248808,36.831
1750248809,38.678
1750248811,43.924
1750248813,15.553
1750248815,28.882
1750248817,21.77
1750248818,22.446
1750248819,25.867
1750248820,17.31
1750248822,33.917
1750248824,41.028
1750248825,33.917
1750248826,39.748
1750248827,23.726
1750248828,19.383
1750248830,24.929
1750248831,18.254
1750248833,15.394
1750248834,32.531
1750248835,28.427
1750248843,33.768
1750248844,35.904
1750248845,30.019
1750248847,68.551
1750248848,82.177
1750248852,38.396
1750248854,15.151
1750248860,20.154
1750248867,29.963
1750248872,16.626
1750248877,23.775
1750248881,102.291
1750248882,19.827
1750248884,20.734
1750248885,22.291
1750248886,28.066
1750248887,17.486
1750248888,20.967
1750248889,39.468
1750248890,20.62
1750248891,39.63
1750248892,24.199
1750248893,29.86
1750248894,19.051
1750248895,19.74
1750248896,38.71
1750248897,24.586
1750248898,16.219
1750248899,40.548
1750248900,26.456
1750248901,23.709
1750248902,26.593
1750248903,16.539
1750248904,22.635
1750248905,26.428
1750248906,16.967
1750248907,20.825
1750248908,17.438
1750248909,29.055
1750248910,25.562
1750248911,28.471
1750248912,25.472
1750248913,44.066
1750248914,25.023
1750248915,35.665
1750248916,41.32
1750248917,18.049
1750248918,32.033
1750248919,25.832
1750248920,23.771
1750248921,44.085
1750248922,17.916
1750248923,28.263
1750248924,23.359
1750248925,15.867
1750248926,18.271
1750248927,48.133
1750248928,34.867
1750248929,15.073
1750248930,21.675
1750248931,27.136
1750248932,34.987
1750248933,29.825
1750248934,43.43
1750248935,19.484
1750248936,17.104
1750248937,26.4
1750248938,39.728
1750248939,58.081
1750248940,34.709
1750248941,26.716
1750248942,23.716
1750248943,47.899
1750248944,37.356
1750248945,17.056
1750248946,27.331
1750248947,30.604
1750248949,23.572
1750248950,31.613
1750248951,18.82
1750248953,23.112
1750248954,16.506
1750248956,50.313
1750248957,18.221
1750248958,22.25
1750248960,35.874
1750248962,15.101
1750248963,27.001
1750248965,32.133
1750248966,25.934
1750248967,30.082
1750248969,19.67
1750248970,34.816
1750248971,23.208
1750248972,52.167
1750248974,18.872
1750248975,39.601
1750248976,16.62
1750248978,37.026
1750248979,18.603
1750248981,17.711
1750248982,29.571
1750248983,23.473
1750248984,16.061
1750248985,29.951
1750248986,15.695
1750248987,20.511
1750248988,36.766
1750248989,20.54
1750248990,32.759
1750248991,29.26
1750248992,14.78
1750248993,22.641
1750248994,20.587
1750248995,25.027
1750248996,36.985
1750248997,34.793
1750248998,46.455
1750248999,17.563
1750249000,15.136
1750249001,43.357
1750249002,22.132
1750249003,21.578
1750249004,20.808
1750249005,30.01
1750249006,41.674
1750249007,17.726
1750249008,27.432
1750249009,26.467
1750249010,40.608
1750249011,34.587
1750249012,38.465
1750249013,20.737
1750249014,22.792
1750249019,31.026
1750249022,16.227
1750249026,18.385
1750249031,21.679
1750249036,14.826
1750249040,60
1750249042,23.749
1750249043,31.215
1750249044,29.555
1750249045,26.387
1750249046,28.337
1750249047,26.496
1750249049,24.297
1750249051,27.356
1750249052,17.627
1750249053,16.935
1750249055,60
1750249058,16.659
1750249059,18.896
1750249063,41.875
1750249067,80.645
1750249068,53.68
1750249070,15.591
1750249072,18.504
1750249073,59.754
1750249075,16.027
1750249077,16.929
1750249078,26.865
1750249080,18.571
1750249081,17.602
1750249082,15.316
1750249083,15.275
1750249084,47.67
1750249085,20.833
1750249086,50.039
1750249087,26.693
1750249088,43.182
1750249089,16.356
1750249090,38.036
1750249091,17.833
1750249092,30.823
1750249093,25.516
1750249094,23.265
1750249095,15.659
1750249096,32.816
1750249097,22.629
1750249098,15.839
1750249099,15.402
1750249100,17.023
1750249101,33.795
1750249102,16.227
1750249103,107.562
1750249106,37.027
1750249110,26.618
1750249111,104.453
1750249114,22.526
1750249115,23.666
1750249116,35.046
1750249118,33.746
1750249120,22.188
1750249122,23.45
1750249123,27.167
1750249126,27.599
1750249127,45.516
1750249128,28.2
1750249131,87.38
1750249134,41.038
1750249135,21.458
1750249136,15.703
1750249137,26.828
1750249138,24.89
1750249139,123.999
1750249140,30.972
1750249141,32.653
1750249142,52.163
1750249149,21.868
1750249150,56.718
1750249153,36.703
1750249155,49.606
1750249156,19.979
1750249159,60
1750249160,60
1750249161,60
1750249168,14.497
1750249175,16.037
1750249179,15.875
1750249180,15.283
1750249186,14.456
1750249190,14.413
1750249192,14.791
1750249198,15.338
1750249202,14.774
1750249204,15.429
1750249207,14.799
1750249209,14.653
1750249212,19.779
1750249213,15.368
1750249218,14.798
1750249219,14.896
1750249220,24.917
1750249221,16.758
1750249224,18.238
1750249226,16.207
1750249229,60
1750249234,15.923
1750249235,15.469
1750249236,15.377
1750249237,17.23
1750249238,15.393
1750249239,17.217
1750249240,18.433
1750249245,17.322
1750249247,127.431
1750249248,19.268
1750249250,14.565
1750249254,47.133
1750249258,43.656
1750249259,60
1750249260,60
1750249261,60
1750249262,16.481
1750249263,45.08
1750249264,38.724
1750249265,55.93
1750249266,17.257
1750249267,16.536
1750249268,35.116
1750249269,37.787
1750249270,56.08
1750249271,23.315
1750249272,44.72
1750249273,68.605
1750249274,18.623
1750249275,20.739
1750249276,67.66
1750249277,18.774
1750249278,24.027
1750249279,45.981
1750249280,53.025
1750249281,18.004
1750249282,18.448
1750249283,31.312
1750249284,27.426
1750249285,38.281
1750249286,54.099
1750249287,14.721
1750249288,70.548
1750249289,36.563
1750249290,15.347
1750249291,70.779
1750249292,44.258
1750249294,30.278
1750249295,19.8
1750249296,89.52
1750249297,150.22
1750249298,99.2
1750249299,33.942
1750249300,37.254
1750249301,39.498
1750249302,41.341
1750249303,59.908
1750249304,35.289
1750249305,45.684
1750249306,72.703
1750249307,45.411
1750249308,25.901
1750249309,50.326
1750249310,93.754
1750249311,73.958
1750249312,43.837
1750249313,15.374
1750249314,66.398
1750249315,36.189
1750249316,43.207
1750249317,53.191
1750249318,18.008
1750249319,32.104
1750249320,54.455
1750249321,64.675
1750249322,23.338
1750249323,148.429
1750249324,128.45
1750249325,110.175
1750249326,41.776
1750249327,15.283
1750249328,70.566
1750249329,32.303
1750249330,32.247
1750249331,20.854
1750249332,30.05
1750249333,28.382
1750249334,15.593
1750249335,24.916
1750249336,75.358
1750249337,31.47
1750249338,20.894
1750249339,19.886
1750249340,19.514
1750249341,57.348
1750249342,21.715
1750249343,19.214
1750249344,16.745
1750249345,94.471
1750249346,115.771
1750249347,24.657
1750249348,37.694
1750249349,26.655
1750249350,24.566
1750249351,25.071
1750249352,24.594
1750249353,56.034
1750249354,48.281
1750249355,31.933
1750249356,25.075
1750249357,37.872
1750249358,20.374
1750249359,18.19
1750249360,25.162
1750249361,43.632
1750249362,20.465
1750249363,23.354
1750249364,23.032
1750249365,33.568
1750249366,60.431
1750249368,60
1750249369,95.941
1750249370,55.168
1750249371,18.605
1750249372,60.568
1750249373,26.277
1750249374,18.058
1750249375,115.966
1750249376,101.713
1750249377,86.009
1750249378,65.04
1750249379,33.932
1750249380,16.812
1750249381,39.48
1750249382,16.104
1750249383,46.995
1750249384,17.527
1750249385,18.914
1750249386,18.647
1750249387,64.237
1750249388,104.117
1750249389,68.199
1750249390,40.115
1750249391,18.893
1750249392,16.664
1750249393,21.463
1750249394,17.817
1750249395,54.37
1750249396,71.181
1750249397,31.159
1750249398,69.273
1750249399,44.23
1750249400,16.124
1750249401,116.311
1750249402,21.655
1750249403,35.644
1750249404,49.809
1750249405,34.852
1750249406,41.64
1750249407,21.602
1750249408,55.934
1750249409,15.671
1750249410,25.306
1750249411,25.246
1750249412,36.078
1750249413,33.085
1750249414,19.731
1750249415,25.434
1750249416,15.117
1750249417,65.607
1750249418,52.755
1750249419,49.467
1750249420,17.759
1750249421,57.844
1750249422,45.118
1750249423,47.249
1750249424,23.904
1750249425,20.605
1750249426,43.568
1750249427,69.86
1750249428,28.867
1750249429,15.085
1750249430,19.646
1750249431,89.531
1750249432,56.146
1750249433,16.895
1750249434,18.909
1750249435,18.469
1750249436,29.262
1750249437,18.762
1750249438,23.727
1750249439,26.591
1750249440,31.806
1750249441,97.557
1750249442,20.58
1750249443,65.898
1750249444,25.701
1750249446,52.762
1750249447,106.361
1750249448,22.142
1750249449,49.14
1750249450,24.039
1750249451,15.468
1750249452,76.839
1750249453,54.404
1750249454,26.355
1750249455,52.966
1750249456,15.906
1750249457,14.925
1750249458,31.649
1750249459,91.555
1750249460,64.579
1750249461,15.086
1750249462,133.64
1750249463,28.061
1750249464,17.155
1750249465,16.6
1750249466,26.183
1750249467,150.287
1750249468,56.672
1750249469,16.09
1750249470,35.814
1750249471,14.653
1750249472,123.278
1750249473,39.334
1750249474,95.419
1750249475,43.387
1750249476,58.422
1750249485,20.952
1750249486,60
1750249487,154.598
1750249488,141.365
1750249489,122.355
1750249490,93.112
1750249491,36.686
1750249492,140.017
1750249493,129.715
1750249494,117.348
1750249495,90.833
1750249496,64.031
1750249497,30.755
1750249498,73.834
1750249499,51.13
1750249500,33.393
1750249501,53.663
1750249503,21.304
1750249505,60
1750249506,60
1750249507,60
1750249508,60
1750249509,47.94
1750249513,15.4
1750249514,17.425
1750249516,15.123
1750249520,15.063
1750249521,15.805
1750249527,94.459
1750249531,28.531
1750249534,24.116
1750249535,40.495
1750249536,16.405
1750249540,23.921
1750249546,29.167
1750249551,19.744
1750249552,32.514
1750249553,20.006
1750249555,19.327
1750249556,18.295
1750249559,18.507
